frame,keypoint,x_coord,y_coord
0,head top,124.66666666666667,100.0
0,left elbow,242.66666666666666,178.0
0,right elbow,86.5,228.0
0,left wrist,222.33333333333334,137.33333333333334
0,right wrist,57.666666666666664,243.33333333333334
0,left knee,238.33333333333334,354.0
0,right knee,142.0,369.0
0,left ankle,236.66666666666666,411.6666666666667
0,right ankle,144.0,439.0
